"","Seed","Convincing.pre.miRNAs"
"1","AAAAAC","MI0023634 MI0038348"
"2","AAAAAG","MI0039740 MI0022351"
"3","AAAACG","MI0040866"
"4","AAAACU","MI0003612 MI0006344 MI0019131"
"5","AAAAGG","MI0006661"
"6","AAACUG","MI0006718 MI0006841"
"7","AAAGAA","MI0007650 MI0000483 MI0006741 MI0020430 MI0000228 MI0000931 MI0005033 MI0012708"
"8","AAAGAG","MI0006416"
"9","AAAGCA",""
"10","AAAGCC","MI0005206"
"11","AAAGCG","MI0007790 MI0007791 MI0003156"
"12","AAAGCU","MI0007691 MI0020860 MI0000542 MI0003839 MI0008191 MI0020491 MI0000704 MI0000972"
"13","AAAGUA","MI0023993 MI0006354 MI0006361 MI0016751 MI0006424 MI0016595 MI0019152"
"14","AAAGUG","MI0001181 MI0001184 MI0001210 MI0001517 MI0005354 MI0005357 MI0012498 MI0023938 MI0040869 MI0003001 MI0003004 MI0003073 MI0007591 MI0000071 MI0000076 MI0000095 MI0000734 MI0001519 MI0006693 MI0006695 MI0006874 MI0006960 MI0020379 MI0020419 MI0020457 MI0020562 MI0000406 MI0000407 MI0000568 MI0000581 MI0000687 MI0003536 MI0000638 MI0006131 MI0000880 MI0000889 MI0003554 MI0004741 MI0005015 MI0005031 MI0005050 MI0009724 MI0025249 MI0025258 MI0001898 MI0001899 MI0001907 MI0001954 MI0012797 MI0012804 MI0012831 MI0012835 MI0012942 MI0012950"
"15","AAAUAU",""
"16","AAAUCC","MI0040983 MI0003618"
"17","AAAUCG","MI0006713"
"18","AAAUCU",""
"19","AAAUGG","MI0023828"
"20","AAAUUU","MI0024030 MI0024026"
"21","AACAAA",""
"22","AACACA","MI0023975 MI0040941 MI0040943"
"23","AACACU","MI0001249 MI0005340 MI0005346 MI0007663 MI0000457 MI0000737 MI0006744 MI0000166 MI0000554 MI0000914 MI0000943 MI0005037 MI0009742 MI0002004 MI0002037"
"24","AACAGU","MI0040692 MI0005338 MI0007620 MI0000288 MI0000449 MI0020396 MI0000158 MI0000905 MI0000952 MI0005028"
"25","AACAUA","MI0023977 MI0020878"
"26","AACAUC",""
"27","AACAUU","MI0012544 MI0005565 MI0003519 MI0023705 MI0003525 MI0009859"
"28","AACCCU","MI0038198"
"29","AACCGG",""
"30","AACCGU","MI0004995 MI0005304 MI0007752 MI0001729 MI0006722 MI0033070 MI0001730 MI0001731 MI0009837 MI0001732 MI0012785"
"31","AACCUC",""
"32","AACCUG","MI0007764 MI0003125 MI0006670 MI0005002 MI0009845"
"33","AACCUU","MI0024040 MI0040986"
"34","AACGCA","MI0024016"
"35","AACGGA","MI0040675 MI0005341 MI0007653 MI0000465 MI0006879 MI0020437 MI0000233 MI0000934 MI0005034 MI0025260 MI0002028 MI0012825"
"36","AACGGC",""
"37","AACGUC",""
"38","AACUAG",""
"39","AACUCC",""
"40","AACUCG",""
"41","AACUGA",""
"42","AACUGU",""
"43","AACUUG",""
"44","AAGAAC","MI0003596"
"45","AAGAAG","MI0023988 MI0023995"
"46","AAGACA",""
"47","AAGAGC","MI0023951 MI0023947"
"48","AAGAUC","MI0023772"
"49","AAGAUG","MI0023840 MI0015477"
"50","AAGCAA","MI0033674"
"51","AAGCAU","MI0040823"
"52","AAGGAU","MI0012541"
"53","AAGGCA",""
"54","AAGGGC",""
"55","AAGGUA","MI0023973 MI0016813"
"56","AAGGUG","MI0001183 MI0001209 MI0005355 MI0023939 MI0003002 MI0007590 MI0000072 MI0001518 MI0006694 MI0020433 MI0000567 MI0005483 MI0000846 MI0004732 MI0004740 MI0001900 MI0001901 MI0001902"
"57","AAGUAC",""
"58","AAGUCA","MI0006712 MI0000711 MI0003483 MI0009783"
"59","AAGUCU",""
"60","AAGUGC","MI0007717 MI0007795 MI0007797 MI0007799 MI0000772 MI0000781 MI0003149 MI0003151 MI0003158 MI0003182 MI0006737 MI0000392 MI0014076 MI0003539 MI0003716 MI0015417 MI0002131 MI0002171 MI0002098"
"61","AAGUUC",""
"62","AAGUUG","MI0023843 MI0024000 MI0007769 MI0000799 MI0016947"
"63","AAUAAG","MI0023986"
"64","AAUACU","MI0001250 MI0003714 MI0005339 MI0005345 MI0012497 MI0007742 MI0000342 MI0000650 MI0001641 MI0006745 MI0006862 MI0020453 MI0020525 MI0000243 MI0000694 MI0001642 MI0000942 MI0000944 MI0001643 MI0005038 MI0005055 MI0009829 MI0025265 MI0025266 MI0001720 MI0002038 MI0002039 MI0010836"
"65","AAUAGG","MI0023786"
"66","AAUAUA","MI0024004"
"67","AAUCCU","MI0023624"
"68","AAUCUC","MI0001200 MI0008205 MI0007672 MI0000292 MI0006924 MI0024098 MI0000699 MI0004126 MI0015435 MI0002048"
"69","AAUGCA",""
"70","AAUGCC","MI0003704 MI0005326 MI0007711 MI0000767 MI0000769 MI0024069 MI0020511 MI0001645 MI0001656 MI0009812 MI0002070"
"71","AAUGGG",""
"72","AAUGUG",""
"73","AAUGUU",""
"74","AAUUAU",""
"75","AAUUCU","MI0024015"
"76","AAUUGC",""
"77","AAUUUU",""
"78","ACAAUA","MI0007701 MI0000814 MI0000619 MI0032936 MI0016962"
"79","ACAAUC",""
"80","ACACAA",""
"81","ACACAC","MI0027288 MI0012590 MI0016925 MI0016926"
"82","ACACAG",""
"83","ACAGAA","MI0023680 MI0015450"
"84","ACAGAU","MI0019284"
"85","ACAGCA",""
"86","ACAGCC",""
"87","ACAGCG","MI0002181"
"88","ACAGGU","MI0007010 MI0006835 MI0006942 MI0006947 MI0006948 MI0006950"
"89","ACAGUA","MI0040691 MI0009744 MI0010834"
"90","ACAGUC","MI0023861"
"91","ACAGUG","MI0006979 MI0040806"
"92","ACAUAG","MI0007724 MI0000776 MI0003533 MI0003543 MI0022290 MI0016932 MI0016933"
"93","ACAUUA",""
"94","ACAUUC","MI0001243 MI0001242 MI0023752 MI0023796 MI0002931 MI0002811 MI0007646 MI0007647 MI0000289 MI0000683 MI0000271 MI0003139 MI0024072 MI0024067 MI0006823 MI0020420 MI0020421 MI0020423 MI0000697 MI0000823 MI0000724 MI0005450 MI0000924 MI0000953 MI0000927 MI0006132 MI0010484 MI0010485 MI0005032 MI0009754 MI0025259 MI0039514 MI0039513 MI0002024 MI0012936 MI0012921"
"95","ACCAAG",""
"96","ACCACA",""
"97","ACCCAG","MI0028336 MI0028353"
"98","ACCCAU","MI0007901 MI0003684 MI0005468 MI0012983"
"99","ACCCCG","MI0006798"
"100","ACCCGU","MI0001173 MI0001258 MI0005281 MI0002702 MI0002714 MI0007609 MI0000101 MI0000102 MI0000746 MI0006815 MI0006897 MI0020376 MI0020564 MI0000146 MI0000147 MI0000692 MI0000883 MI0000884 MI0000885 MI0004751 MI0005469 MI0009720 MI0001957 MI0001959 MI0012732 MI0012767 MI0012929"
"101","ACCCUG","MI0001216 MI0007588 MI0006921"
"102","ACCGAU","MI0040881"
"103","ACCUAA","MI0002398 MI0006149"
"104","ACCUCU","MI0009914"
"105","ACCUUA",""
"106","ACCUUG","MI0040942 MI0020871 MI0014249"
"107","ACGAGU","MI0024008"
"108","ACGCAC","MI0005511"
"109","ACGCCG",""
"110","ACGCGG","MI0004684"
"111","ACGCUC","MI0039835 MI0003581 MI0005518"
"112","ACGGGC",""
"113","ACGGUG",""
"114","ACGUAG","MI0002406"
"115","ACGUCA","MI0007859 MI0003610 MI0020542 MI0005556 MI0031774"
"116","ACGUGG","MI0023981"
"117","ACGUGU",""
"118","ACUAAC",""
"119","ACUAGA","MI0002649 MI0020475 MI0000861 MI0012840"
"120","ACUAGC","MI0017289"
"121","ACUAGG","MI0023968"
"122","ACUCAA","MI0005537"
"123","ACUCAG","MI0003197 MI0000244 MI0012608"
"124","ACUCCA","MI0005473 MI0006122 MI0021536"
"125","ACUCCG",""
"126","ACUCCU",""
"127","ACUCUA",""
"128","ACUGAG",""
"129","ACUGCA","MI0005717 MI0000956 MI0021844 MI0001383"
"130","ACUGGC","MI0003698 MI0023850 MI0007656 MI0012540 MI0000487 MI0003137 MI0006676 MI0000235 MI0005484 MI0000936 MI0030355 MI0005014 MI0009764 MI0002032 MI0012800"
"131","ACUGGG","MI0006801"
"132","ACUGUG","MI0007926 MI0005474"
"133","ACUGUU","MI0024115 MI0007753 MI0023703 MI0001733"
"134","ACUUCA",""
"135","ACUUGG","MI0023985 MI0039522"
"136","ACUUUC",""
"137","ACUUUU","MI0006843"
"138","AGAAAC",""
"139","AGAACA",""
"140","AGAAUG",""
"141","AGACGG",""
"142","AGACUG",""
"143","AGAGAU","MI0023666 MI0022328"
"144","AGAGCA","MI0023945 MI0023946 MI0023948 MI0023949"
"145","AGAGUG",""
"146","AGAUCA",""
"147","AGCAAA",""
"148","AGCAAC",""
"149","AGCAAU","MI0023961"
"150","AGCACA","MI0040944 MI0015468"
"151","AGCACC","MI0001166 MI0001265 MI0023759 MI0007598 MI0000087 MI0000107 MI0000735 MI0006702 MI0020479 MI0020480 MI0000712 MI0000576 MI0000577 MI0014099 MI0031761 MI0010464 MI0005044 MI0014117 MI0031742 MI0001934 MI0039521 MI0012717"
"152","AGCAGC","MI0001222 MI0001186 MI0001223 MI0007562 MI0007563 MI0005333 MI0023875 MI0012517 MI0012519 MI0040961 MI0002496 MI0002957 MI0007589 MI0007658 MI0007740 MI0007771 MI0000069 MI0000115 MI0000438 MI0000489 MI0001446 MI0003138 MI0003188 MI0006691 MI0006692 MI0006818 MI0006819 MI0006886 MI0006887 MI0020416 MI0020417 MI0020418 MI0020442 MI0020492 MI0020532 MI0000140 MI0000237 MI0000564 MI0000566 MI0000590 MI0003538 MI0004636 MI0021861 MI0031763 MI0000843 MI0000844 MI0000939 MI0003724 MI0030352 MI0004739 MI0005012 MI0005458 MI0005459 MI0005467 MI0009753 MI0012212 MI0022315 MI0025257 MI0001892 MI0001893 MI0001894 MI0001895 MI0001896 MI0002177 MI0002178 MI0004779 MI0012706 MI0012830 MI0012774 MI0012787 MI0012829 MI0012963"
"153","AGCAGU",""
"154","AGCCAA",""
"155","AGCCAG",""
"156","AGCCCG","MI0016597"
"157","AGCCCU","MI0023955 MI0023958 MI0040972 MI0040978 MI0040977 MI0040979 MI0000637"
"158","AGCCUC",""
"159","AGCGCA",""
"160","AGCGUG",""
"161","AGCUAA",""
"162","AGCUCG","MI0023962 MI0040883"
"163","AGCUGC","MI0006982 MI0005276 MI0002631 MI0000078 MI0006761 MI0020463 MI0000570 MI0000851 MI0005041 MI0025268 MI0001910 MI0001912 MI0012778"
"164","AGCUUA","MI0004994 MI0005275 MI0002621 MI0000077 MI0006883 MI0005725 MI0000569 MI0005519 MI0021932 MI0000850 MI0004742 MI0014116 MI0001909 MI0012776"
"165","AGCUUU","MI0023829 MI0023718"
"166","AGGAAA","MI0023632 MI0009955"
"167","AGGAAU","MI0023983"
"168","AGGACA","MI0006656 MI0006305 MI0010470 MI0016922"
"169","AGGAGA",""
"170","AGGAGC","MI0012542 MI0005543 MI0014162 MI0004692"
"171","AGGAUC",""
"172","AGGCAC","MI0016013"
"173","AGGCAG","MI0007936 MI0005762 MI0008331 MI0012063"
"174","AGGCGU","MI0023823"
"175","AGGCUA","MI0004485 MI0021833"
"176","AGGCUG","MI0004997 MI0002176"
"177","AGGGAG","MI0024126 MI0006688"
"178","AGGGAU","MI0023941 MI0040860 MI0003521 MI0003527"
"179","AGGGCC","MI0023849 MI0016878"
"180","AGGGCG",""
"181","AGGGUC",""
"182","AGGGUU","MI0007280 MI0020476 MI0000394"
"183","AGGUAC",""
"184","AGGUAG","MI0023560 MI0005313 MI0023764 MI0007659 MI0007660 MI0000279 MI0001150 MI0006709 MI0006869 MI0020444 MI0020445 MI0020446 MI0000553 MI0001151 MI0000940 MI0031760 MI0009767 MI0009768 MI0002035 MI0002036 MI0010840 MI0010853"
"185","AGGUCA","MI0006298 MI0015445"
"186","AGGUCC","MI0015374"
"187","AGGUCG",""
"188","AGGUUA","MI0000480 MI0020557 MI0005549 MI0000923 MI0006117 MI0012870"
"189","AGGUUU","MI0007695"
"190","AGUAAU","MI0007268"
"191","AGUACC",""
"192","AGUACU",""
"193","AGUAGA","MI0023724"
"194","AGUAGU",""
"195","AGUCAU",""
"196","AGUCCC","MI0010633"
"197","AGUCUG","MI0041074"
"198","AGUGAC",""
"199","AGUGAG","MI0014208"
"200","AGUGCA","MI0001239 MI0001240 MI0001241 MI0006984 MI0007560 MI0007565 MI0005295 MI0012495 MI0023803 MI0023802 MI0002524 MI0007619 MI0007685 MI0007686 MI0007755 MI0000448 MI0000745 MI0000748 MI0003820 MI0005568 MI0006726 MI0006727 MI0006881 MI0020394 MI0020395 MI0020482 MI0000156 MI0000401 MI0000408 MI0004122 MI0000593 MI0000903 MI0000904 MI0006137 MI0009730 MI0009731 MI0009789 MI0009790 MI0009840 MI0001984 MI0002074 MI0002076 MI0012779 MI0012786 MI0012790"
"201","AGUGCC",""
"202","AGUGCG",""
"203","AGUGCU","MI0007782 MI0003141 MI0003717"
"204","AGUGGG","MI0014023"
"205","AGUGGU","MI0007011"
"206","AGUGUC",""
"207","AGUUCA","MI0040678"
"208","AGUUCU",""
"209","AGUUGU",""
"210","AGUUUG","MI0039519"
"211","AUAAAC",""
"212","AUAAAG","MI0005011 MI0002005 MI0002006"
"213","AUAAUA","MI0007713 MI0000777 MI0003535 MI0005020 MI0012886"
"214","AUACAA","MI0007729 MI0000789 MI0000798 MI0003546 MI0009821 MI0012894"
"215","AUACCU","MI0005551"
"216","AUAGAG","MI0023743"
"217","AUAUAA","MI0007734 MI0002465 MI0020521 MI0001161 MI0004619 MI0006143 MI0015472 MI0009825 MI0016961 MI0012897"
"218","AUAUAU",""
"219","AUAUUA","MI0007899 MI0003678 MI0012915"
"220","AUCAAA","MI0000389"
"221","AUCAAU",""
"222","AUCACU",""
"223","AUCAGG",""
"224","AUCAUA","MI0007644 MI0000176 MI0005022 MI0012904"
"225","AUCAUC",""
"226","AUCAUU",""
"227","AUCCCA",""
"228","AUCCCC","MI0013634"
"229","AUCCCU","MI0002608 MI0000484 MI0000230 MI0006134 MI0009760"
"230","AUCCUU","MI0007708 MI0007775 MI0000762 MI0000763 MI0009811 MI0012957"
"231","AUCGUA","MI0007761 MI0003534 MI0003547 MI0005060 MI0012905"
"232","AUCUCA","MI0040985"
"233","AUGACA","MI0040676 MI0007741 MI0020524 MI0001447 MI0003476 MI0006146 MI0004776"
"234","AUGAGC","MI0003562"
"235","AUGAUU",""
"236","AUGCAA","MI0000400 MI0000971"
"237","AUGCAC","MI0003185 MI0004702 MI0004703 MI0003480 MI0006153 MI0012971"
"238","AUGCCA",""
"239","AUGCCU","MI0007814 MI0003205 MI0020539 MI0003206 MI0006154 MI0005061 MI0012979"
"240","AUGCGU",""
"241","AUGCUA","MI0020884"
"242","AUGGAG",""
"243","AUGGCA",""
"244","AUGGCG","MI0007896 MI0003667 MI0020546 MI0004965 MI0006169 MI0021123"
"245","AUGGCU","MI0001264 MI0005297 MI0005298 MI0007624 MI0007625 MI0000453 MI0000810 MI0024063 MI0000715 MI0000646 MI0000645 MI0000908 MI0009737 MI0001997 MI0012704"
"246","AUGGGU",""
"247","AUGGUA",""
"248","AUGUAA","MI0007728 MI0005021 MI0016920 MI0012893"
"249","AUGUAG","MI0006141"
"250","AUGUCU","MI0007898 MI0003676 MI0009881"
"251","AUGUGC","MI0012509 MI0006148 MI0005049"
"252","AUGUGG","MI0022374"
"253","AUGUGU","MI0024010 MI0007780 MI0003127 MI0005554 MI0006306 MI0012591"
"254","AUGUUC",""
"255","AUUAUU","MI0000898 MI0004754 MI0001979 MI0010848 MI0012919"
"256","AUUCAG",""
"257","AUUGCA","MI0029335 MI0001194 MI0029344 MI0005279 MI0023936 MI0005370 MI0023776 MI0002677 MI0007606 MI0003075 MI0007607 MI0000082 MI0000090 MI0000094 MI0003560 MI0006875 MI0006952 MI0020470 MI0020490 MI0020560 MI0020561 MI0000719 MI0000689 MI0000691 MI0005521 MI0000856 MI0000873 MI0000879 MI0006167 MI0009905 MI0005067 MI0009796 MI0009906 MI0001922 MI0001952 MI0001953 MI0002067 MI0012719 MI0012801 MI0012987"
"258","AUUGCU",""
"259","AUUGGU",""
"260","AUUUAG","MI0014095 MI0028339"
"261","AUUUUG",""
"262","CAAAAC","MI0020894 MI0003786"
"263","CAAACC",""
"264","CAAAGC",""
"265","CAAAUG","MI0007612"
"266","CAAGAG","MI0007699 MI0000816 MI0000817 MI0024984 MI0000612"
"267","CAAGUU","MI0023814"
"268","CAAUGU","MI0023831"
"269","CACACA",""
"270","CACACC",""
"271","CACAGU","MI0001217 MI0005293 MI0023827 MI0002518 MI0007617 MI0000727 MI0006892 MI0020391 MI0000726 MI0000901 MI0009727 MI0039520 MI0012838"
"272","CACAUU",""
"273","CACCAC","MI0023749"
"274","CACCCA","MI0023916"
"275","CACUCU",""
"276","CACUGA",""
"277","CACUGG","MI0011366"
"278","CAGAAG",""
"279","CAGACU",""
"280","CAGAUG","MI0024123"
"281","CAGCAA",""
"282","CAGCAC",""
"283","CAGCAG",""
"284","CAGCCA",""
"285","CAGCCC",""
"286","CAGCGC",""
"287","CAGCUA","MI0023959 MI0040971 MI0019295"
"288","CAGGAA",""
"289","CAGGAC","MI0009922"
"290","CAGUAA","MI0040791"
"291","CAGUAG",""
"292","CAGUCU",""
"293","CAGUGC","MI0001189 MI0040733 MI0005306 MI0012493 MI0007638 MI0007639 MI0007643 MI0000253 MI0000462 MI0000811 MI0006868 MI0020410 MI0020413 MI0000174 MI0000550 MI0000617 MI0009957 MI0000616 MI0000921 MI0030350 MI0004737 MI0005030 MI0009748 MI0025254 MI0025256 MI0002015 MI0012689 MI0012724"
"294","CAGUGU",""
"295","CAGUUA",""
"296","CAUAGA","MI0015420"
"297","CAUAGC",""
"298","CAUCCA",""
"299","CAUGAC",""
"300","CAUGCG","MI0024041"
"301","CAUGGA","MI0023874"
"302","CAUGGG",""
"303","CAUUCC","MI0040780"
"304","CCAAAG",""
"305","CCAAUA","MI0023688 MI0014206"
"306","CCACAG",""
"307","CCACUA",""
"308","CCAGAG",""
"309","CCAGAU",""
"310","CCAGCA","MI0029343 MI0005325 MI0000618 MI0009805 MI0002064 MI0039524"
"311","CCAGUG","MI0020449 MI0001375"
"312","CCAUAA",""
"313","CCAUUA",""
"314","CCCAGG",""
"315","CCCCUG","MI0000812 MI0020498 MI0000609 MI0000608 MI0005463"
"316","CCCGUC","MI0006382 MI0004120 MI0030348"
"317","CCCGUU",""
"318","CCCUGA","MI0029337 MI0005292 MI0002579 MI0007615 MI0000470 MI0000469 MI0006816 MI0020385 MI0020386 MI0000151 MI0000725 MI0000643 MI0031766 MI0000895 MI0000897 MI0004752 MI0005457 MI0014121 MI0001973 MI0001977 MI0001978 MI0012926 MI0012760"
"319","CCCUGC",""
"320","CCCUGU","MI0000815 MI0000621 MI0009806 MI0011513"
"321","CCCUUA",""
"322","CCCUUU",""
"323","CCGAGC","MI0007869 MI0003628 MI0020543 MI0005004"
"324","CCGGUU","MI0006156 MI0012701"
"325","CCGUCG",""
"326","CCGUGG",""
"327","CCUAAC",""
"328","CCUAUA",""
"329","CCUCAU","MI0007055 MI0004775"
"330","CCUCCA","MI0009919"
"331","CCUCGG",""
"332","CCUGAA","MI0006906"
"333","CCUGCU","MI0007714 MI0000778 MI0001165 MI0009814 MI0016915"
"334","CCUGGC","MI0005348 MI0006866 MI0020464"
"335","CCUGUA","MI0007759 MI0023622 MI0020530 MI0003493 MI0014103 MI0031787 MI0009843 MI0012931"
"336","CCUUAA","MI0006981"
"337","CCUUCA","MI0001267 MI0000285 MI0000248 MI0000947 MI0004759 MI0001378"
"338","CCUUGG","MI0040694 MI0000696"
"339","CCUUUC",""
"340","CGACCC","MI0012521 MI0007827 MI0003556 MI0003575 MI0006863 MI0004131"
"341","CGACCG","MI0006444"
"342","CGACUU","MI0009961"
"343","CGAGGA","MI0000809 MI0003772 MI0014151 MI0004738"
"344","CGCACA","MI0007054 MI0023866 MI0016957"
"345","CGCACU",""
"346","CGCCCU","MI0020872 MI0006384 MI0004132 MI0015470 MI0010481"
"347","CGCGGC",""
"348","CGCUCU",""
"349","CGCUGG","MI0023806"
"350","CGGAGG","MI0040877"
"351","CGGAGU",""
"352","CGGAUC","MI0002582 MI0000472 MI0000154 MI0000899 MI0005008 MI0012876"
"353","CGGCCC","MI0032941"
"354","CGUACC",""
"355","CGUCCU","MI0023672 MI0005003 MI0031786 MI0028342"
"356","CGUGCU","MI0007496"
"357","CGUGGU","MI0024005"
"358","CGUGUC","MI0001193 MI0005309 MI0000274 MI0006951 MI0020431"
"359","CGUUUU",""
"360","CUAAAU",""
"361","CUAAGC","MI0023746"
"362","CUACAG","MI0012500 MI0000261 MI0006724 MI0020401 MI0000693 MI0000913 MI0005009 MI0003693"
"363","CUAGCC",""
"364","CUAGUA",""
"365","CUAUAU",""
"366","CUAUCU","MI0024070"
"367","CUAUUU",""
"368","CUCACA","MI0007704 MI0000805 MI0020502 MI0000627 MI0000626 MI0005059 MI0012884"
"369","CUCACG",""
"370","CUCAGA",""
"371","CUCAGG","MI0006403"
"372","CUCAGU",""
"373","CUCCAG",""
"374","CUCCAU","MI0000162 MI0001523"
"375","CUCCCA","MI0012504 MI0007641 MI0000479 MI0006840 MI0000920 MI0005058 MI0025255 MI0002016 MI0012762"
"376","CUCCUG","MI0026033"
"377","CUCGAG",""
"378","CUCGGC",""
"379","CUCUAG","MI0023877 MI0023627 MI0006386 MI0014021"
"380","CUCUGA","MI0023699 MI0011411"
"381","CUCUGG","MI0023989 MI0000808 MI0020495 MI0000598 MI0000599 MI0000606 MI0009799"
"382","CUGAAA","MI0023625 MI0023722"
"383","CUGAAC","MI0023837"
"384","CUGAAU","MI0023845"
"385","CUGACU","MI0000825"
"386","CUGAUG","MI0023865 MI0011374"
"387","CUGAUU",""
"388","CUGCAA","MI0011282 MI0021956"
"389","CUGCAG","MI0040993"
"390","CUGCAU","MI0004998 MI0012515 MI0006730 MI0009941"
"391","CUGCCC",""
"392","CUGCUA",""
"393","CUGCUG","MI0023954"
"394","CUGCUU","MI0040677"
"395","CUGGAC","MI0007726 MI0020861 MI0000786 MI0016749 MI0014154 MI0015825 MI0016750 MI0016756 MI0016808 MI0016902 MI0020515 MI0000795 MI0021923 MI0003719 MI0021835 MI0013052 MI0022299 MI0012812"
"396","CUGGAU","MI0023965 MI0011309"
"397","CUGGCA",""
"398","CUGGCC","MI0040992 MI0014210"
"399","CUGGCG",""
"400","CUGGCU","MI0023801 MI0023882 MI0007640 MI0000478 MI0017375 MI0020411 MI0000171 MI0014026 MI0014048 MI0015403 MI0030351 MI0021115 MI0012725"
"401","CUGGGC","MI0003625 MI0006347 MI0016761"
"402","CUGUGA","MI0024131 MI0040770 MI0017308"
"403","CUGUGC",""
"404","CUUCAA",""
"405","CUUCAC","MI0023804"
"406","CUUGAC","MI0022279"
"407","CUUGGA","MI0023990 MI0023994 MI0007744 MI0003133 MI0009831 MI0001522 MI0012901"
"408","CUUGUU","MI0016943"
"409","CUUUAA",""
"410","CUUUCC",""
"411","CUUUGA","MI0002061"
"412","CUUUGC",""
"413","CUUUGG","MI0039523 MI0023762 MI0007586 MI0000468 MI0012557 MI0020559 MI0000721 MI0000840 MI0009913 MI0001886 MI0012814"
"414","CUUUUC",""
"415","GAAAAC","MI0003577 MI0006717 MI0006842"
"416","GAAAAU",""
"417","GAAACA","MI0007768 MI0003134 MI0003532 MI0003542 MI0009848 MI0016927"
"418","GAAAGG","MI0025029"
"419","GAAAUG",""
"420","GAACUA",""
"421","GAAGAG",""
"422","GAAGGA","MI0006434"
"423","GAAGGC",""
"424","GAAGGU","MI0023605"
"425","GAAGUG",""
"426","GAAUCG","MI0023915"
"427","GAAUGU","MI0023779"
"428","GAAUUG","MI0007676 MI0023668 MI0000740 MI0000741"
"429","GACACA","MI0003657 MI0016685"
"430","GACACC","MI0012614"
"431","GACAGA","MI0015421"
"432","GACAGU",""
"433","GACAUC",""
"434","GACCAA",""
"435","GACCCA",""
"436","GACCCU",""
"437","GACCUA",""
"438","GACGUC","MI0025034"
"439","GACUAG","MI0015453"
"440","GACUCC",""
"441","GACUGA",""
"442","GACUGG","MI0005471 MI0006116"
"443","GACUGU",""
"444","GACUUA",""
"445","GACUUC",""
"446","GAGAAA","MI0003520 MI0003526"
"447","GAGAAC","MI0001235 MI0003695 MI0007561 MI0012502 MI0012503 MI0007634 MI0007635 MI0000477 MI0003129 MI0003599 MI0023613 MI0006788 MI0006931 MI0020407 MI0020408 MI0000170 MI0004665 MI0006342 MI0009745 MI0002012 MI0002013 MI0012648 MI0012809"
"448","GAGACA","MI0016891"
"449","GAGACC","MI0023934 MI0023677 MI0003834 MI0009898"
"450","GAGAGA","MI0005205"
"451","GAGAUG","MI0039505 MI0005302 MI0007632 MI0000459 MI0017411 MI0006871 MI0000257 MI0000916 MI0009743 MI0025253 MI0002007 MI0012807"
"452","GAGCAA",""
"453","GAGCAC","MI0022813 MI0015401"
"454","GAGCAG","MI0023800"
"455","GAGCCC",""
"456","GAGCCU",""
"457","GAGCGC","MI0007702"
"458","GAGCUA",""
"459","GAGGAG",""
"460","GAGGAU","MI0023687 MI0016080 MI0010478 MI0016938"
"461","GAGGCU","MI0007758 MI0002469 MI0014232 MI0017432 MI0003492 MI0005472 MI0003549 MI0006121 MI0009842 MI0012903"
"462","GAGGGA","MI0014143 MI0016876"
"463","GAGGGG","MI0001445 MI0020523 MI0004637 MI0005046"
"464","GAGGUA","MI0001168 MI0001259 MI0001174 MI0001230 MI0001232 MI0001233 MI0001262 MI0040769 MI0005360 MI0005331 MI0005332 MI0005361 MI0005351 MI0005362 MI0002696 MI0007572 MI0007573 MI0007574 MI0007575 MI0007576 MI0007578 MI0007579 MI0007580 MI0000062 MI0000063 MI0000064 MI0000065 MI0000066 MI0000068 MI0000100 MI0000433 MI0000434 MI0016804 MI0006720 MI0006773 MI0006809 MI0006894 MI0006962 MI0006934 MI0024054 MI0020368 MI0020369 MI0020371 MI0020372 MI0020373 MI0020563 MI0000137 MI0000138 MI0000405 MI0000557 MI0000558 MI0000560 MI0000561 MI0000563 MI0000586 MI0021908 MI0022352 MI0000601 MI0000828 MI0000829 MI0000831 MI0000832 MI0000834 MI0000835 MI0000882 MI0030347 MI0005062 MI0005025 MI0005026 MI0005051 MI0005452 MI0005065 MI0005453 MI0005454 MI0005455 MI0021137 MI0014113 MI0014114 MI0025243 MI0025244 MI0025245 MI0025246 MI0025247 MI0001863 MI0001867 MI0001870 MI0001871 MI0001872 MI0001874 MI0001875 MI0001876 MI0003343 MI0012932 MI0012759 MI0012820 MI0012859 MI0012860 MI0012925 MI0012988"
"465","GAGGUC","MI0022293"
"466","GAGGUU","MI0020550 MI0000605 MI0004258 MI0000604 MI0006157"
"467","GAGUAC","MI0023698 MI0008332"
"468","GAGUAU","MI0007777 MI0016954"
"469","GAGUCU",""
"470","GAGUGU","MI0016060 MI0021122"
"471","GAGUUG","MI0002054"
"472","GAUAUC","MI0005303 MI0000460 MI0006723 MI0006996 MI0006998 MI0000917 MI0002009"
"473","GAUAUG","MI0001224 MI0029340 MI0012496 MI0012513 MI0002613 MI0007652 MI0000486 MI0005545 MI0006690 MI0006781 MI0020434 MI0020436 MI0000232 MI0005478 MI0031759 MI0006135 MI0009762 MI0009763 MI0002027 MI0004764"
"474","GAUAUU","MI0014170 MI0022289 MI0016931"
"475","GAUCAG","MI0000791"
"476","GAUCGA","MI0003551 MI0016960"
"477","GAUGAA",""
"478","GAUGCA","MI0006699"
"479","GAUGGG","MI0020869"
"480","GAUGUC",""
"481","GAUUAA",""
"482","GAUUGA","MI0006615"
"483","GAUUGC",""
"484","GAUUGG","MI0006614"
"485","GAUUGU","MI0023783 MI0003195 MI0010851"
"486","GCAAAA",""
"487","GCACAC",""
"488","GCACCC","MI0007269 MI0023922 MI0023931"
"489","GCACCG","MI0040956"
"490","GCACCU",""
"491","GCACUC","MI0040946"
"492","GCAGAG","MI0020477 MI0000398 MI0000969"
"493","GCAGCA","MI0001236 MI0001215 MI0005285 MI0005286 MI0007611 MI0002754 MI0000109 MI0000114 MI0006930 MI0006857 MI0020378 MI0020380 MI0000588 MI0000684 MI0000888 MI0000890 MI0005456 MI0005006 MI0025248 MI0025250 MI0001962 MI0001963 MI0010843 MI0012643 MI0012805 MI0012854"
"494","GCAGGA","MI0006348"
"495","GCAGGU",""
"496","GCAUAG",""
"497","GCAUCC","MI0007693 MI0000813 MI0000595 MI0000594 MI0009798"
"498","GCAUUG","MI0006980"
"499","GCCACU",""
"500","GCCCCC","MI0014035 MI0021856"
"501","GCCUAC",""
"502","GCCUGC",""
"503","GCCUGG",""
"504","GCCUGU","MI0023974"
"505","GCGAAA","MI0023892"
"506","GCGAUU","MI0023852"
"507","GCGCGG","MI0011284"
"508","GCGGCC",""
"509","GCGGGA","MI0014501"
"510","GCGGGG","MI0005559 MI0020555 MI0004124 MI0009891 MI0028274"
"511","GCGUGG",""
"512","GCUACA","MI0001177 MI0001178 MI0022373 MI0005347 MI0002892 MI0007680 MI0000298 MI0000299 MI0024071 MI0006865 MI0020465 MI0000709 MI0000710 MI0000961 MI0000962 MI0004743 MI0004744 MI0025269 MI0001387 MI0001388 MI0010845 MI0012951 MI0012952"
"513","GCUAGC",""
"514","GCUCAG",""
"515","GCUCGC",""
"516","GCUCGG",""
"517","GCUGAC",""
"518","GCUGGA","MI0023982 MI0006349"
"519","GCUGGG",""
"520","GCUGGU","MI0001228 MI0005300 MI0007628 MI0000476 MI0006922 MI0020400 MI0000722 MI0000912 MI0009741 MI0039510 MI0004781"
"521","GCUGUC",""
"522","GCUUCC","MI0006826"
"523","GCUUGU",""
"524","GGAAAA","MI0006845"
"525","GGAAGA","MI0001272 MI0005270 MI0007583 MI0000265 MI0016998 MI0020556 MI0000729 MI0000730 MI0000836 MI0000837 MI0010471 MI0001360 MI0001879"
"526","GGAAGC","MI0007907 MI0003760 MI0020549 MI0004133"
"527","GGAAGG",""
"528","GGAAGU",""
"529","GGAAUG","MI0001247 MI0001207 MI0001254 MI0024006 MI0005317 MI0007569 MI0007667 MI0000651 MI0000490 MI0006700 MI0006779 MI0006876 MI0020375 MI0000652 MI0000249 MI0000948 MI0003489 MI0031785 MI0009719 MI0009772 MI0001878 MI0002046"
"530","GGACAA","MI0024083 MI0020566"
"531","GGACAC","MI0014088"
"532","GGACAG",""
"533","GGACGA","MI0009937"
"534","GGACGG","MI0001227 MI0005308 MI0007648 MI0000481 MI0006814 MI0020427 MI0000226 MI0000929 MI0009757 MI0003243"
"535","GGACGU","MI0007057 MI0006830"
"536","GGACUG","MI0029345 MI0040801 MI0023643 MI0012206 MI0010837 MI0028115"
"537","GGAGAC",""
"538","GGAGAG","MI0023888 MI0007649 MI0000482 MI0015836 MI0020429 MI0000227 MI0000930 MI0009758"
"539","GGAGCC","MI0023663 MI0004706"
"540","GGAGCU","MI0006999"
"541","GGAGGA","MI0003836 MI0007000 MI0007001 MI0007003"
"542","GGAGGC","MI0007008"
"543","GGAGGG","MI0006994"
"544","GGAGGU","MI0007015"
"545","GGAGUC",""
"546","GGAGUG","MI0001280 MI0005287 MI0007613 MI0023649 MI0000442 MI0006679 MI0000256 MI0026018 MI0000891 MI0005063 MI0001965"
"547","GGAUCG",""
"548","GGAUGA","MI0006389 MI0006436 MI0009923"
"549","GGCAAG","MI0001276 MI0000089 MI0006853 MI0020489 MI0000579 MI0000872 MI0004762 MI0003691"
"550","GGCACC",""
"551","GGCAGC","MI0005560"
"552","GGCAGG","MI0022937"
"553","GGCAGU","MI0001251 MI0001261 MI0039506 MI0005329 MI0023815 MI0023816 MI0007605 MI0007747 MI0000268 MI0000743 MI0001648 MI0003673 MI0006850 MI0024078 MI0020507 MI0000403 MI0000404 MI0000584 MI0001649 MI0004645 MI0000875 MI0000876 MI0000877 MI0001650 MI0015402 MI0005068 MI0005464 MI0009834 MI0009835 MI0009836 MI0001365 MI0004774 MI0012741 MI0012742 MI0012851 MI0028109"
"554","GGCAUC","MI0007397"
"555","GGCCAA","MI0023854"
"556","GGCCUC",""
"557","GGCGGG","MI0008329 MI0025039"
"558","GGCGUC","MI0000615 MI0000614"
"559","GGCUCA","MI0001275 MI0003053 MI0000081 MI0024074 MI0020468 MI0000572 MI0004486 MI0000855 MI0005053 MI0001921 MI0039518 MI0012864"
"560","GGCUCU","MI0009894 MI0031498"
"561","GGCUUC",""
"562","GGGAAA","MI0009948"
"563","GGGACA",""
"564","GGGAGA","MI0023689 MI0022576"
"565","GGGAUU","MI0024100"
"566","GGGCCC","MI0000967"
"567","GGGCCU","MI0022802"
"568","GGGCUG","MI0017379 MI0017867 MI0024986"
"569","GGGCUU",""
"570","GGGGAU",""
"571","GGGGCA","MI0023781"
"572","GGGGCG","MI0014217 MI0016409"
"573","GGGGCU","MI0040758"
"574","GGGGGC","MI0007012"
"575","GGGGGU","MI0007006"
"576","GGGGUG","MI0017294"
"577","GGGGUU","MI0020439"
"578","GGGUAU",""
"579","GGGUCU","MI0007564 MI0005312 MI0007655"
"580","GGGUUG",""
"581","GGUAGA","MI0007727 MI0000787 MI0000796 MI0003541 MI0009820 MI0016917 MI0012892"
"582","GGUCAC",""
"583","GGUCAG","MI0003518 MI0003524"
"584","GGUCGA","MI0007736 MI0002464 MI0001164 MI0016921 MI0016959"
"585","GGUCUU",""
"586","GGUGAA",""
"587","GGUGGA",""
"588","GGUGGC","MI0024109"
"589","GGUGGG","MI0005539 MI0009927"
"590","GGUGGU","MI0006838 MI0006834"
"591","GGUGUG","MI0006290 MI0015443"
"592","GGUUAC",""
"593","GGUUGG",""
"594","GGUUUA",""
"595","GUAAAC","MI0001198 MI0001199 MI0001204 MI0001257 MI0001256 MI0005277 MI0023835 MI0023794 MI0023834 MI0040851 MI0002502 MI0002666 MI0007600 MI0007601 MI0007602 MI0000088 MI0000736 MI0000255 MI0000441 MI0000749 MI0024093 MI0006729 MI0006812 MI0006813 MI0006911 MI0020484 MI0020485 MI0020486 MI0020488 MI0020519 MI0000144 MI0000145 MI0000259 MI0000548 MI0000549 MI0000871 MI0000867 MI0000868 MI0000869 MI0000870 MI0006142 MI0004747 MI0004761 MI0005018 MI0005054 MI0005064 MI0009795 MI0025277 MI0025278 MI0025279 MI0025280 MI0001940 MI0001941 MI0001944 MI0001946 MI0001950 MI0012849 MI0012672 MI0012757 MI0012758"
"596","GUAACA","MI0001202 MI0007657 MI0000732 MI0006795 MI0020440 MI0000733 MI0000938 MI0012208 MI0025261 MI0002033 MI0002034"
"597","GUAAGG",""
"598","GUACCA","MI0025009"
"599","GUACCG",""
"600","GUAGAG","MI0024034 MI0017369"
"601","GUAGUG",""
"602","GUAUGU","MI0003573"
"603","GUAUUA","MI0012622"
"604","GUAUUG","MI0007550 MI0023871"
"605","GUCAAC","MI0006747"
"606","GUCACU","MI0012601"
"607","GUCAGU","MI0000300 MI0006796 MI0014098 MI0000963 MI0009782"
"608","GUCCCG",""
"609","GUCCUC","MI0016413"
"610","GUCCUU",""
"611","GUCUAC","MI0005756"
"612","GUCUGC","MI0000826 MI0000634"
"613","GUCUUG","MI0001524 MI0006300 MI0001722"
"614","GUGAAU",""
"615","GUGACA","MI0016867 MI0020540 MI0003522 MI0031782"
"616","GUGACC","MI0024009 MI0024014"
"617","GUGACU","MI0007623 MI0000474 MI0014194 MI0000160 MI0000907 MI0016948"
"618","GUGAGA",""
"619","GUGAGG","MI0006356"
"620","GUGCAA","MI0029332 MI0001182 MI0005356 MI0023937 MI0003003 MI0003108 MI0000073 MI0000075 MI0024088 MI0006873 MI0020450 MI0020451 MI0000718 MI0000688 MI0000848 MI0000849 MI0005460 MI0012209 MI0025263 MI0001903 MI0001904 MI0001905 MI0001906 MI0012949"
"621","GUGCCC","MI0040957 MI0040952 MI0040953"
"622","GUGCCG","MI0000391"
"623","GUGCUC",""
"624","GUGCUG",""
"625","GUGGAC","MI0014086 MI0021540"
"626","GUGGAU",""
"627","GUGGCC","MI0038350"
"628","GUGGGG","MI0007765 MI0003126 MI0004680"
"629","GUGGUG",""
"630","GUGUAG","MI0024024 MI0024032 MI0040984"
"631","GUGUCC","MI0040954 MI0040950 MI0040955"
"632","GUGUGG","MI0024019 MI0024021 MI0024022 MI0024031 MI0016415"
"633","GUGUUC","MI0023929 MI0024076"
"634","GUUAGG",""
"635","GUUCAG",""
"636","GUUCUU",""
"637","GUUGAA",""
"638","GUUGAU","MI0022292 MI0016945"
"639","GUUGUA","MI0016003 MI0021118"
"640","GUUGUG","MI0040844 MI0009942 MI0014071"
"641","GUUUAG",""
"642","GUUUGC",""
"643","GUUUUA",""
"644","UAAAGC",""
"645","UAAAGG","MI0009992"
"646","UAAAUC",""
"647","UAACCG","MI0011362"
"648","UAAGAC","MI0003710 MI0012510 MI0007668 MI0007669 MI0007773 MI0003183 MI0006754 MI0004676 MI0000949 MI0004750 MI0004766"
"649","UAAGGC","MI0022356"
"650","UAAUAC","MI0003677 MI0009882 MI0016944"
"651","UAAUAU","MI0007923 MI0005540 MI0012918"
"652","UAAUCU",""
"653","UAAUGC","MI0001176 MI0007645 MI0000681 MI0006775 MI0020415 MI0000177 MI0025509 MI0009752 MI0002023 MI0012927"
"654","UAAUUA",""
"655","UACAAA","MI0012534"
"656","UACAGG",""
"657","UACAGU",""
"658","UACCAA","MI0023789"
"659","UACCCA","MI0023913"
"660","UACCUU",""
"661","UACGUG",""
"662","UACUAA",""
"663","UACUCG",""
"664","UACUGC",""
"665","UAGAAC",""
"666","UAGACU","MI0007642 MI0020412 MI0000173 MI0000647"
"667","UAGAGC","MI0025042"
"668","UAGAUU","MI0007721 MI0007722"
"669","UAGCAG",""
"670","UAGCCA","MI0017290"
"671","UAGCCG","MI0004685"
"672","UAGCUC","MI0007567 MI0006789"
"673","UAGCUU",""
"674","UAGGAA",""
"675","UAGGGC","MI0020876 MI0003780 MI0010468"
"676","UAGUCC",""
"677","UAGUGC",""
"678","UAGUGU",""
"679","UAUAAA","MI0007703 MI0000802 MI0020501 MI0000623 MI0031764 MI0012811"
"680","UAUAAU","MI0007719 MI0000782 MI0005566 MI0020513 MI0004125 MI0003552 MI0009816 MI0025283 MI0025284 MI0012959"
"681","UAUACA","MI0003821 MI0003844"
"682","UAUACG",""
"683","UAUCAG","MI0007707 MI0000760 MI0020509 MI0000761 MI0022353 MI0003481 MI0005045 MI0012956"
"684","UAUCUG",""
"685","UAUGGU","MI0007851 MI0003591"
"686","UAUGUA",""
"687","UAUUGC","MI0000910 MI0002001"
"688","UAUUGU","MI0023910"
"689","UCAAAG",""
"690","UCAACA","MI0007737 MI0003685 MI0005496 MI0001423 MI0009828"
"691","UCAACG","MI0007608 MI0000097 MI0009910 MI0012686"
"692","UCAAGG","MI0003567"
"693","UCAAGU","MI0001187 MI0029333 MI0012492 MI0007593 MI0007594 MI0000750 MI0000084 MI0024080 MI0020471 MI0020472 MI0000706 MI0000575 MI0000857 MI0000858 MI0009784 MI0004745 MI0025273 MI0025274 MI0001926 MI0001927 MI0012826"
"694","UCAAUG",""
"695","UCACAA","MI0006617 MI0006648 MI0020508 MI0000640 MI0015460"
"696","UCACAC","MI0007725 MI0000785 MI0016955"
"697","UCACAG","MI0001274 MI0005364 MI0005367 MI0003052 MI0007595 MI0000085 MI0000440 MI0003192 MI0032313 MI0006825 MI0020473 MI0020474 MI0000142 MI0000578 MI0004601 MI0000859 MI0000860 MI0004746 MI0004760 MI0025275 MI0001929 MI0001930 MI0001931 MI0001932 MI0012739 MI0012865"
"698","UCACAU","MI0001273 MI0005363 MI0005366 MI0003051 MI0007592 MI0000079 MI0000439 MI0016010 MI0006759 MI0006824 MI0020466 MI0020467 MI0000141 MI0000571 MI0000852 MI0000853 MI0005042 MI0005066 MI0032930 MI0025270 MI0025271 MI0001916 MI0001917 MI0039517 MI0012737 MI0012863"
"699","UCACCA","MI0007661 MI0000239 MI0009769 MI0012711"
"700","UCACGC",""
"701","UCACUA",""
"702","UCACUC",""
"703","UCACUG","MI0011482"
"704","UCAGAG",""
"705","UCAGGG","MI0014144"
"706","UCAGUC","MI0004769"
"707","UCAUAC","MI0016950"
"708","UCAUAG","MI0007723 MI0003529 MI0002466 MI0001162 MI0010444 MI0016934 MI0016936 MI0016937"
"709","UCAUCG",""
"710","UCAUGA","MI0007745 MI0001723 MI0001525 MI0001724 MI0009832 MI0016914"
"711","UCAUUC","MI0003938 MI0004300 MI0021845 MI0012944"
"712","UCAUUU","MI0002022"
"713","UCCAAG",""
"714","UCCAGU","MI0029338 MI0005305 MI0002558 MI0000461 MI0000169 MI0021890 MI0000918 MI0004756 MI0002010 MI0012808"
"715","UCCAUC",""
"716","UCCAUG","MI0019136"
"717","UCCCAC","MI0006394 MI0014197"
"718","UCCCCA",""
"719","UCCCUC","MI0040912"
"720","UCCCUU","MI0001271 MI0003711 MI0007468 MI0005316 MI0007665 MI0000284 MI0000287 MI0006689 MI0000247 MI0000708 MI0000946 MI0000951 MI0005462 MI0009775 MI0039516 MI0012657 MI0012862"
"721","UCCUAA","MI0025045"
"722","UCCUAG",""
"723","UCCUAU","MI0003130 MI0000245"
"724","UCCUCA",""
"725","UCCUGG","MI0020398 MI0011338"
"726","UCGAUG","MI0007284"
"727","UCGUAC",""
"728","UCGUAG","MI0024035 MI0000793"
"729","UCGUGC","MI0003161 MI0003165"
"730","UCUAGA","MI0023654"
"731","UCUAGG",""
"732","UCUCAA","MI0006649 MI0014251"
"733","UCUCAG",""
"734","UCUCCA","MI0020901 MI0006915"
"735","UCUCUU",""
"736","UCUGCC","MI0014107"
"737","UCUGUU",""
"738","UCUUGG","MI0002405"
"739","UGAAAC","MI0012600"
"740","UGAAAG","MI0023754 MI0007762 MI0004633"
"741","UGAAAU",""
"742","UGAACG","MI0007921 MI0005562"
"743","UGACAU","MI0007396"
"744","UGACCA",""
"745","UGACCU","MI0001203 MI0003025 MI0006783 MI0020461 MI0000974 MI0000935 MI0003482 MI0005016 MI0001371"
"746","UGACUG","MI0014158"
"747","UGACUU",""
"748","UGAGAA",""
"749","UGAGCU",""
"750","UGAGUA",""
"751","UGAUAC","MI0040964"
"752","UGAUCC",""
"753","UGAUGA","MI0024096"
"754","UGAUGU",""
"755","UGAUUA",""
"756","UGCACC",""
"757","UGCAGA",""
"758","UGCAGC",""
"759","UGCAUA","MI0001188 MI0012505 MI0002566 MI0000464 MI0024086 MI0000175 MI0001638 MI0000922 MI0001639 MI0009750 MI0002019"
"760","UGCAUU","MI0001170 MI0029334 MI0012511 MI0002684 MI0007603 MI0000091 MI0003646 MI0006811 MI0020497 MI0000707 MI0000874 MI0009807 MI0009808"
"761","UGCCCU","MI0007915 MI0005532 MI0020558 MI0005479 MI0006118 MI0009900"
"762","UGCGCU","MI0014044"
"763","UGCUAG",""
"764","UGCUGA","MI0007877 MI0003642 MI0020544 MI0012659"
"765","UGCUGG",""
"766","UGCUUU",""
"767","UGGAAA","MI0023741"
"768","UGGACU","MI0006406 MI0016888 MI0016973 MI0031501"
"769","UGGAGA",""
"770","UGGAGU","MI0014030"
"771","UGGAUA","MI0003544"
"772","UGGCAC",""
"773","UGGCCA","MI0014231 MI0016777"
"774","UGGCCC","MI0039836 MI0000804 MI0020496 MI0000603 MI0021930 MI0000602 MI0015479 MI0009800"
"775","UGGCUC","MI0026023"
"776","UGGCUG","MI0040729 MI0022688"
"777","UGGGAC","MI0023964"
"778","UGGGAG",""
"779","UGGGUG","MI0023695"
"780","UGGUCA","MI0019192"
"781","UGGUCC",""
"782","UGGUGG",""
"783","UGGUUA",""
"784","UGGUUG","MI0007909 MI0000797"
"785","UGGUUU",""
"786","UGUAAC",""
"787","UGUACA","MI0007767 MI0003132 MI0005514 MI0003540 MI0016912"
"788","UGUAGA",""
"789","UGUAGG",""
"790","UGUAUG","MI0007908 MI0005489"
"791","UGUCCU","MI0016436 MI0022746"
"792","UGUCGG",""
"793","UGUGAC",""
"794","UGUGCG","MI0003696 MI0029342 MI0007670 MI0000286 MI0020458 MI0000695 MI0000950 MI0009747"
"795","UGUGCU","MI0001237 MI0024145 MI0023860 MI0007675 MI0000295 MI0012559 MI0000701 MI0000958 MI0009780 MI0025267 MI0002052"
"796","UGUGUA","MI0024018"
"797","UGUGUC",""
"798","UGUUAC","MI0010736"
"799","UUAAAU",""
"800","UUACCA",""
"801","UUACUG","MI0007020"
"802","UUACUU",""
"803","UUAGAA",""
"804","UUAGAC",""
"805","UUAGGA","MI0003666"
"806","UUAGGC",""
"807","UUAGUG","MI0017383"
"808","UUAUCA","MI0007718"
"809","UUAUUG","MI0000597 MI0000596"
"810","UUCAAC",""
"811","UUCAAG",""
"812","UUCAUC",""
"813","UUCAUU","MI0006746"
"814","UUCCGG","MI0023638 MI0006273"
"815","UUCCUA",""
"816","UUCCUC","MI0023629 MI0039499 MI0004412"
"817","UUCUCC",""
"818","UUCUGA","MI0006913"
"819","UUCUGC","MI0012593"
"820","UUGACA","MI0023864 MI0006621 MI0020896 MI0003200"
"821","UUGACU","MI0007548"
"822","UUGAGG",""
"823","UUGAUA","MI0012522"
"824","UUGGAG","MI0040837 MI0014020"
"825","UUGGCA","MI0029339 MI0005307 MI0005336 MI0002815 MI0003085 MI0020863 MI0000098 MI0000272 MI0012558 MI0020424 MI0000224 MI0000583 MI0000881 MI0006133 MI0009755 MI0009911 MI0010480 MI0001368 MI0001955 MI0012691"
"826","UUGGGA",""
"827","UUGGGU","MI0040745"
"828","UUGGUA","MI0003523 MI0012613"
"829","UUGGUC","MI0001994"
"830","UUGUCA",""
"831","UUGUCC",""
"832","UUGUGA","MI0004129 MI0006163 MI0012916"
"833","UUGUUC","MI0003705 MI0007720 MI0000783 MI0000792 MI0006140 MI0002073"
"834","UUGUUU",""
"835","UUUAGU",""
"836","UUUCAG",""
"837","UUUCCA",""
"838","UUUCGG",""
"839","UUUGCA","MI0006611 MI0007751 MI0003194 MI0005531 MI0020527 MI0004705 MI0021121 MI0012966"
"840","UUUGCC",""
"841","UUUGCG","MI0007750 MI0003187 MI0020526 MI0003537 MI0001654 MI0031772 MI0012213 MI0012965 MI0012967"
"842","UUUGUA",""
"843","UUUGUG",""
"844","UUUUAU",""
"845","UUUUCA","MI0024104"
"846","UUUUGC",""
"847","UUUUUG","MI0040768 MI0005294 MI0012532 MI0000473 MI0006665 MI0000585 MI0000902 MI0009728 MI0009729 MI0039508"
"848","UUUUUU","MI0004783"
